{"lr": 0.0004979959919839679, "data_time": 0.01939929962158203, "loss": 0.6450623154640198, "loss_rpn_cls": 0.3331871539354324, "loss_rpn_bbox": 0.12840248204767704, "loss_cls": 0.17096465855836868, "acc": 93.89671325683594, "loss_bbox": 0.012508017662912606, "time": 0.22170104026794435, "epoch": 1, "iter": 100, "memory": 1880, "step": 100}
{"lr": 0.0009984969939879755, "data_time": 0.019758191108703613, "loss": 0.4051578408479691, "loss_rpn_cls": 0.13524868808686732, "loss_rpn_bbox": 0.13239195957779884, "loss_cls": 0.11222574576735496, "acc": 94.31279754638672, "loss_bbox": 0.02529144324362278, "time": 0.217940673828125, "epoch": 1, "iter": 200, "memory": 1880, "step": 200}
