{"lr": 0.0004979959919839679, "data_time": 0.019544095993041993, "loss": 0.6828234010934829, "loss_rpn_cls": 0.36776246935129164, "loss_rpn_bbox": 0.12732072293758392, "loss_cls": 0.17437107384204864, "acc": 93.867919921875, "loss_bbox": 0.01336913691367954, "time": 0.22957003116607666, "epoch": 1, "iter": 100, "memory": 1883, "step": 100}
{"lr": 0.0009984969939879755, "data_time": 0.019645957946777343, "loss": 0.3501973381638527, "loss_rpn_cls": 0.09539444968104363, "loss_rpn_bbox": 0.1130542727559805, "loss_cls": 0.1212732383608818, "acc": 97.61904907226562, "loss_bbox": 0.020475377943366766, "time": 0.2683296203613281, "epoch": 1, "iter": 200, "memory": 1883, "step": 200}
{"lr": 0.0014989979959919811, "data_time": 0.019268512725830078, "loss": 0.25640745639801027, "loss_rpn_cls": 0.03919891322031617, "loss_rpn_bbox": 0.10388824097812176, "loss_cls": 0.07373800195753574, "acc": 97.60765075683594, "loss_bbox": 0.03958230055868626, "time": 0.22648305416107178, "epoch": 1, "iter": 300, "memory": 1883, "step": 300}
