{"lr": 0.0004979959919839679, "data_time": 0.01899073600769043, "loss": 0.7196218353509903, "loss_rpn_cls": 0.3970301884412766, "loss_rpn_bbox": 0.12609397515654563, "loss_cls": 0.18223376721143722, "acc": 93.7799072265625, "loss_bbox": 0.014263901044614613, "time": 0.3089428329467773, "epoch": 1, "iter": 100, "memory": 2086, "step": 100}
{"lr": 0.0010935921843687369, "data_time": 0.019161229133605958, "loss": 0.38107278019189833, "loss_rpn_cls": 0.10994785465300083, "loss_rpn_bbox": 0.13320047326385975, "loss_cls": 0.1218244969844818, "acc": 96.68246459960938, "loss_bbox": 0.016099957088008522, "time": 0.31992680072784424, "epoch": 2, "iter": 219, "memory": 2086, "step": 219}
{"lr": 0.0016891883767535041, "data_time": 0.017773585319519045, "loss": 0.3060920363664627, "loss_rpn_cls": 0.06135286457836628, "loss_rpn_bbox": 0.11051438942551613, "loss_cls": 0.10551908947527408, "acc": 96.66666412353516, "loss_bbox": 0.028705688770860435, "time": 0.2378438663482666, "epoch": 3, "iter": 338, "memory": 2086, "step": 338}
{"lr": 0.0022847845691382723, "data_time": 0.018861565589904785, "loss": 0.3067051285505295, "loss_rpn_cls": 0.07684572849422694, "loss_rpn_bbox": 0.11632501609623432, "loss_cls": 0.0846154461055994, "acc": 95.12195587158203, "loss_bbox": 0.028918936029076577, "time": 0.24326128482818604, "epoch": 4, "iter": 457, "memory": 2086, "step": 457}
{"lr": 0.002499999999999994, "data_time": 0.019074673652648925, "loss": 0.23263276144862174, "loss_rpn_cls": 0.033651125710457565, "loss_rpn_bbox": 0.1096538983285427, "loss_cls": 0.05070779323577881, "acc": 98.04878234863281, "loss_bbox": 0.03861994473263621, "time": 0.3203286838531494, "epoch": 5, "iter": 576, "memory": 2086, "step": 576}
{"lr": 0.002499999999999994, "data_time": 0.019097108840942383, "loss": 0.22356190636754036, "loss_rpn_cls": 0.026318679954856636, "loss_rpn_bbox": 0.09482085645198822, "loss_cls": 0.056509908083826305, "acc": 97.57281494140625, "loss_bbox": 0.04591245958581567, "time": 0.3267329025268555, "epoch": 6, "iter": 695, "memory": 2086, "step": 695}
{"lr": 0.002499999999999994, "data_time": 0.018781161308288573, "loss": 0.21139896884560586, "loss_rpn_cls": 0.0235353890620172, "loss_rpn_bbox": 0.08386580012738705, "loss_cls": 0.048070178087800744, "acc": 95.02487182617188, "loss_bbox": 0.0559276011120528, "time": 0.24348238468170166, "epoch": 7, "iter": 814, "memory": 2086, "step": 814}
{"lr": 0.002499999999999994, "data_time": 0.01864715576171875, "loss": 0.1985795858502388, "loss_rpn_cls": 0.0121897900570184, "loss_rpn_bbox": 0.07673316709697246, "loss_cls": 0.04177060190588236, "acc": 98.49246215820312, "loss_bbox": 0.06788602601736785, "time": 0.22790162086486818, "epoch": 8, "iter": 933, "memory": 2086, "step": 933}
{"lr": 0.0002499999999999994, "data_time": 0.019820046424865723, "loss": 0.19977858304977417, "loss_rpn_cls": 0.011273070978932083, "loss_rpn_bbox": 0.05439442783594131, "loss_cls": 0.043954059099778536, "acc": 100.0, "loss_bbox": 0.09015702538192272, "time": 0.32875733852386474, "epoch": 9, "iter": 1052, "memory": 2086, "step": 1052}
{"lr": 0.0002499999999999994, "data_time": 0.021096506118774415, "loss": 0.19641779124736786, "loss_rpn_cls": 0.009908294221386314, "loss_rpn_bbox": 0.05488643005490303, "loss_cls": 0.03847778663039207, "acc": 97.52474975585938, "loss_bbox": 0.09314528003334999, "time": 0.3328330612182617, "epoch": 10, "iter": 1171, "memory": 2086, "step": 1171}
{"lr": 0.0002499999999999994, "data_time": 0.02306969165802002, "loss": 0.1913713815808296, "loss_rpn_cls": 0.006852573580108583, "loss_rpn_bbox": 0.04401430662721396, "loss_cls": 0.037689998373389245, "acc": 96.5686264038086, "loss_bbox": 0.10281450271606446, "time": 0.2775784158706665, "epoch": 11, "iter": 1290, "memory": 2086, "step": 1290}
{"lr": 2.4999999999999944e-05, "data_time": 0.019105548858642577, "loss": 0.20729867845773697, "loss_rpn_cls": 0.014674692985136063, "loss_rpn_bbox": 0.05568803153932095, "loss_cls": 0.04681380244903267, "acc": 94.63414764404297, "loss_bbox": 0.09012215174734592, "time": 0.2821319055557251, "epoch": 12, "iter": 1409, "memory": 2086, "step": 1409}
{"lr": 2.4999999999999944e-05, "data_time": 0.018687419891357422, "loss": 0.20923423498868943, "loss_rpn_cls": 0.008474184437654913, "loss_rpn_bbox": 0.053037019520998, "loss_cls": 0.04754632789641619, "acc": 97.14286041259766, "loss_bbox": 0.10017670273780822, "time": 0.32195977210998533, "epoch": 13, "iter": 1528, "memory": 2086, "step": 1528}
{"lr": 2.4999999999999944e-05, "data_time": 0.01823185443878174, "loss": 0.19598724454641342, "loss_rpn_cls": 0.0069811185740400105, "loss_rpn_bbox": 0.04168419945985079, "loss_cls": 0.03613401312381029, "acc": 99.0243911743164, "loss_bbox": 0.11118791364133358, "time": 0.27447989463806155, "epoch": 14, "iter": 1647, "memory": 1972, "step": 1647}
{"lr": 2.4999999999999944e-05, "data_time": 0.01917203426361084, "loss": 0.19751308485865593, "loss_rpn_cls": 0.009259945743251593, "loss_rpn_bbox": 0.04905588045716286, "loss_cls": 0.04574766170233488, "acc": 94.55445861816406, "loss_bbox": 0.09344959877431393, "time": 0.2650502824783325, "epoch": 15, "iter": 1766, "memory": 1972, "step": 1766}
{"lr": 2.4999999999999944e-05, "data_time": 0.019149727821350097, "loss": 0.19144998103380204, "loss_rpn_cls": 0.010567488085944205, "loss_rpn_bbox": 0.04849066348746419, "loss_cls": 0.037549612503498794, "acc": 98.04878234863281, "loss_bbox": 0.09484221868216991, "time": 0.3280349254608154, "epoch": 16, "iter": 1885, "memory": 2086, "step": 1885}
{"lr": 2.4999999999999944e-05, "data_time": 0.019260597229003907, "loss": 0.19911636352539064, "loss_rpn_cls": 0.010412059796508402, "loss_rpn_bbox": 0.04939913123846054, "loss_cls": 0.03845052534714341, "acc": 97.0873794555664, "loss_bbox": 0.10085464596748352, "time": 0.3352420473098755, "epoch": 17, "iter": 2004, "memory": 2086, "step": 2004}
{"lr": 2.4999999999999944e-05, "data_time": 0.017778306007385253, "loss": 0.21910667106509207, "loss_rpn_cls": 0.008016805294901133, "loss_rpn_bbox": 0.06001551002264023, "loss_cls": 0.04720613596960902, "acc": 94.11764526367188, "loss_bbox": 0.10386821851134301, "time": 0.23083720684051515, "epoch": 18, "iter": 2123, "memory": 1972, "step": 2123}
{"lr": 2.4999999999999944e-05, "data_time": 0.018985543251037598, "loss": 0.19345224365592004, "loss_rpn_cls": 0.00746875568293035, "loss_rpn_bbox": 0.048471106626093385, "loss_cls": 0.03864988706074655, "acc": 94.9238510131836, "loss_bbox": 0.09886249545961619, "time": 0.23622506141662597, "epoch": 19, "iter": 2242, "memory": 2086, "step": 2242}
{"lr": 2.4999999999999944e-05, "data_time": 0.0191180419921875, "loss": 0.2033281198143959, "loss_rpn_cls": 0.01181421723915264, "loss_rpn_bbox": 0.05214335719123483, "loss_cls": 0.04356592524331063, "acc": 98.50746154785156, "loss_bbox": 0.09580461841076612, "time": 0.3320242214202881, "epoch": 20, "iter": 2361, "memory": 2086, "step": 2361}
{"lr": 2.4999999999999944e-05, "data_time": 0.018667659759521484, "loss": 0.18645364671945572, "loss_rpn_cls": 0.006184244321193546, "loss_rpn_bbox": 0.04966793932020664, "loss_cls": 0.035411635590717194, "acc": 98.55768585205078, "loss_bbox": 0.09518982805311679, "time": 0.32930650234222414, "epoch": 21, "iter": 2480, "memory": 2086, "step": 2480}
{"lr": 2.4999999999999944e-05, "data_time": 0.018765158653259277, "loss": 0.18781229555606843, "loss_rpn_cls": 0.009451440072152763, "loss_rpn_bbox": 0.04572130814194679, "loss_cls": 0.036319657145068046, "acc": 96.63461303710938, "loss_bbox": 0.09631989136338234, "time": 0.25825684070587157, "epoch": 22, "iter": 2599, "memory": 2086, "step": 2599}
{"lr": 2.4999999999999944e-05, "data_time": 0.018986496925354004, "loss": 0.18640102043747903, "loss_rpn_cls": 0.007264053846010938, "loss_rpn_bbox": 0.0426005257666111, "loss_cls": 0.03433678533881903, "acc": 99.51219940185547, "loss_bbox": 0.10219965383410454, "time": 0.25403609275817873, "epoch": 23, "iter": 2718, "memory": 2086, "step": 2718}
{"lr": 2.4999999999999944e-05,