{"lr": 0.0004979959919839679, "data_time": 0.019565138816833496, "loss": 0.6507519501447677, "loss_rpn_cls": 0.3271864673495293, "loss_rpn_bbox": 0.13614971823990346, "loss_cls": 0.17819141060113908, "acc": 93.89671325683594, "loss_bbox": 0.009224356496706604, "time": 0.22120336532592774, "epoch": 1, "iter": 100, "memory": 1884, "step": 100}
{"lr": 0.0009984969939879755, "data_time": 0.019869699478149414, "loss": 0.37181374222040176, "loss_rpn_cls": 0.09172160245478153, "loss_rpn_bbox": 0.12949196442961694, "loss_cls": 0.12911446109414101, "acc": 93.7799072265625, "loss_bbox": 0.021485715378075837, "time": 0.26044722557067873, "epoch": 1, "iter": 200, "memory": 1884, "step": 200}
{"lr": 0.0014989979959919811, "data_time": 0.020202817916870116, "loss": 0.293378164768219, "loss_rpn_cls": 0.06404525749385356, "loss_rpn_bbox": 0.10661209009587765, "loss_cls": 0.08760641410946846, "acc": 95.60975646972656, "loss_bbox": 0.035114404214546084, "time": 0.22572165966033936, "epoch": 1, "iter": 300, "memory": 1884, "step": 300}
{"lr": 0.0019994989979959885, "data_time": 0.019628682136535645, "loss": 0.23853490144014358, "loss_rpn_cls": 0.03280934788286686, "loss_rpn_bbox": 0.11308309718966485, "loss_cls": 0.05265437763184309, "acc": 94.66019439697266, "loss_bbox": 0.03998807927593589, "time": 0.22268336296081542, "epoch": 1, "iter": 400, "memory": 1884, "step": 400}
{"lr": 0.002499999999999994, "data_time": 0.020180072784423828, "loss": 0.207965732216835, "loss_rpn_cls": 0.024673957312479615, "loss_rpn_bbox": 0.1113023117929697, "loss_cls": 0.03903371416032314, "acc": 97.52474975585938, "loss_bbox": 0.03295574818737805, "time": 0.22044193744659424, "epoch": 1, "iter": 500, "memory": 1884, "step": 500}
