{"lr": 0.0004979959919839679, "data_time": 0.02011669635772705, "loss": 0.637246550321579, "loss_rpn_cls": 0.31771976470947266, "loss_rpn_bbox": 0.13981565505266189, "loss_cls": 0.1681191685795784, "acc": 93.80952453613281, "loss_bbox": 0.011591970240697264, "time": 0.2253293514251709, "epoch": 1, "iter": 100, "memory": 1882, "step": 100}
{"lr": 0.0009984969939879755, "data_time": 0.020230989456176757, "loss": 0.36060363590717315, "loss_rpn_cls": 0.08785486567765474, "loss_rpn_bbox": 0.12931114591658116, "loss_cls": 0.12023112043738365, "acc": 96.17224884033203, "loss_bbox": 0.023206507693976162, "time": 0.22081454277038573, "epoch": 1, "iter": 200, "memory": 1882, "step": 200}
