{"lr": 4.754509018036072e-05, "data_time": 0.05471115112304688, "loss": 1.3785552620887755, "loss_rpn_cls": 0.8288777470588684, "loss_rpn_bbox": 0.15677827075123787, "loss_cls": 0.38688627183437346, "acc": 91.0798110961914, "loss_bbox": 0.0060129782650619745, "time": 0.3595620393753052, "epoch": 1, "iter": 10, "memory": 1882, "step": 10}
{"lr": 9.759519038076152e-05, "data_time": 0.04811317920684814, "loss": 1.3233262836933135, "loss_rpn_cls": 0.8200277209281921, "loss_rpn_bbox": 0.17276844307780265, "loss_cls": 0.32497433573007584, "acc": 93.89671325683594, "loss_bbox": 0.005555796425323933, "time": 0.293295419216156, "epoch": 2, "iter": 20, "memory": 1813, "step": 20}
{"lr": 0.00014764529058116228, "data_time": 0.04543134371439616, "loss": 1.2451150834560394, "loss_rpn_cls": 0.7929856657981873, "loss_rpn_bbox": 0.16880091056227683, "loss_cls": 0.2783017168442408, "acc": 93.89671325683594, "loss_bbox": 0.0050268021645024415, "time": 0.2793842077255249, "epoch": 3, "iter": 30, "memory": 1882, "step": 30}
{"lr": 0.00019769539078156313, "data_time": 0.04464608430862427, "loss": 1.1838680237531662, "loss_rpn_cls": 0.757462064921856, "loss_rpn_bbox": 0.16643629483878614, "loss_cls": 0.25494480021297933, "acc": 93.89671325683594, "loss_bbox": 0.00502487292396836, "time": 0.29326375722885134, "epoch": 4, "iter": 40, "memory": 1882, "step": 40}
{"lr": 0.0002477454909819639, "data_time": 0.044471435546875, "loss": 1.1291396605968476, "loss_rpn_cls": 0.7237867748737336, "loss_rpn_bbox": 0.16104744382202626, "loss_cls": 0.23917028725147246, "acc": 93.89671325683594, "loss_bbox": 0.005135160991922021, "time": 0.29979270458221435, "epoch": 5, "iter": 50, "memory": 1882, "step": 50}
{"lr": 0.0002977955911823647, "data_time": 0.04294910907745361, "loss": 1.0201310431957245, "loss_rpn_cls": 0.6639144027233124, "loss_rpn_bbox": 0.15533266842365265, "loss_cls": 0.19581290900707246, "acc": 93.867919921875, "loss_bbox": 0.005071066347882152, "time": 0.29431437015533446, "epoch": 6, "iter": 60, "memory": 1883, "step": 60}
