{"lr": 0.0004979959919839679, "data_time": 0.01958806037902832, "loss": 0.6134324139356613, "loss_rpn_cls": 0.3126711404323578, "loss_rpn_bbox": 0.1274230083078146, "loss_cls": 0.16467786878347396, "acc": 93.80952453613281, "loss_bbox": 0.008660392928868532, "time": 0.22465237140655517, "epoch": 1, "iter": 100, "memory": 1879, "step": 100}
{"lr": 0.0009984969939879755, "data_time": 0.019389247894287108, "loss": 0.3415700936317444, "loss_rpn_cls": 0.07136819679290056, "loss_rpn_bbox": 0.14592545226216316, "loss_cls": 0.09621837474405766, "acc": 92.19512176513672, "loss_bbox": 0.028058066088706254, "time": 0.21846510887145995, "epoch": 1, "iter": 200, "memory": 1879, "step": 200}
{"lr": 0.0014989979959919811, "data_time": 0.019875831604003906, "loss": 0.24232441276311875, "loss_rpn_cls": 0.03218929886817932, "loss_rpn_bbox": 0.10741804789751769, "loss_cls": 0.05727907471358776, "acc": 97.54901885986328, "loss_bbox": 0.04543799025937915, "time": 0.22420369148254393, "epoch": 1, "iter": 300, "memory": 1879, "step": 300}
{"lr": 0.0019994989979959885, "data_time": 0.018474249839782714, "loss": 0.2191390623152256, "loss_rpn_cls": 0.03022584807127714, "loss_rpn_bbox": 0.10139596648514271, "loss_cls": 0.044233631417155264, "acc": 96.05911254882812, "loss_bbox": 0.0432836164906621, "time": 0.21741010665893554, "epoch": 1, "iter": 400, "memory": 1879, "step": 400}
{"lr": 0.002499999999999994, "data_time": 0.019738950729370118, "loss": 0.18750007942318916, "loss_rpn_cls": 0.016908253859728575, "loss_rpn_bbox": 0.09801270678639412, "loss_cls": 0.03152993463911116, "acc": 97.12918853759766, "loss_bbox": 0.04104918371886015, "time": 0.22372868061065673, "epoch": 1, "iter": 500, "memory": 1878, "step": 500}
{"lr": 0.002499999999999994, "data_time": 0.018630294799804686, "loss": 0.20419655233621598, "loss_rpn_cls": 0.018849659198895096, "loss_rpn_bbox": 0.09629862882196903, "loss_cls": 0.03936790613457561, "acc": 93.03482818603516, "loss_bbox": 0.0496803562156856, "time": 0.2146509838104248, "epoch": 1, "iter": 600, "memory": 1879, "step": 600}
{"lr": 0.002499999999999994, "data_time": 0.019575905799865723, "loss": 0.17949255988001822, "loss_rpn_cls": 0.011954285614192485, "loss_rpn_bbox": 0.0766712013632059, "loss_cls": 0.03389185607433319, "acc": 97.5, "loss_bbox": 0.05697521679103375, "time": 0.22163053512573241, "epoch": 1, "iter": 700, "memory": 1879, "step": 700}
