{"lr": 4.754509018036072e-05, "data_time": 0.05713949203491211, "loss": 1.413421905040741, "loss_rpn_cls": 0.6461345255374908, "loss_rpn_bbox": 0.4498354196548462, "loss_cls": 0.30856923162937167, "acc": 88.49557495117188, "loss_bbox": 0.008882715227082371, "time": 0.367125129699707, "epoch": 1, "iter": 10, "memory": 1887, "step": 10}
{"lr": 9.759519038076152e-05, "data_time": 0.040718138217926025, "loss": 1.3534896284341813, "loss_rpn_cls": 0.6289414942264557, "loss_rpn_bbox": 0.36881939470767977, "loss_cls": 0.263473080098629, "acc": 81.41593170166016, "loss_bbox": 0.0922556391917169, "time": 0.30006818771362304, "epoch": 1, "iter": 20, "memory": 1887, "step": 20}
