{"lr": 4.754509018036072e-05, "data_time": 0.05632703304290772, "loss": 1.3984395503997802, "loss_rpn_cls": 0.6750871956348419, "loss_rpn_bbox": 0.4742502599954605, "loss_cls": 0.17463229596614838, "acc": 90.26548767089844, "loss_bbox": 0.07446979731321335, "time": 0.36982314586639403, "epoch": 1, "iter": 10, "memory": 1814, "step": 10}
{"lr": 9.759519038076152e-05, "data_time": 0.03791089057922363, "loss": 1.4113304793834687, "loss_rpn_cls": 0.6579110443592071, "loss_rpn_bbox": 0.41975255459547045, "loss_cls": 0.16586884595453738, "acc": 88.49557495117188, "loss_bbox": 0.1677980214357376, "time": 0.28861806392669676, "epoch": 1, "iter": 20, "memory": 1882, "step": 20}
{"lr": 0.00014764529058116228, "data_time": 0.03164920012156169, "loss": 1.8187994599342345, "loss_rpn_cls": 0.6163781772057215, "loss_rpn_bbox": 0.3773311955233415, "loss_cls": 0.18367923473318418, "acc": 84.07080078125, "loss_bbox": 0.6414108286301295, "time": 0.2640618642171224, "epoch": 1, "iter": 30, "memory": 1882, "step": 30}
{"lr": 0.00019769539078156313, "data_time": 0.02866044044494629, "loss": 1.6872067749500275, "loss_rpn_cls": 0.5804078556597233, "loss_rpn_bbox": 0.34815846029669045, "loss_cls": 0.17176708132028579, "acc": 88.49557495117188, "loss_bbox": 0.5868733629584313, "time": 0.2534434854984283, "epoch": 1, "iter": 40, "memory": 1882, "step": 40}
{"lr": 0.0002477454909819639, "data_time": 0.02721761703491211, "loss": 1.645039677619934, "loss_rpn_cls": 0.5402693283557892, "loss_rpn_bbox": 0.3391625751554966, "loss_cls": 0.16027898073196412, "acc": 92.92035675048828, "loss_bbox": 0.6053287856280803, "time": 0.2491089153289795, "epoch": 1, "iter": 50, "memory": 1882, "step": 50}
{"lr": 0.0002977955911823647, "data_time": 0.02007877826690674, "loss": 1.5613286209106445, "loss_rpn_cls": 0.4699646097421646, "loss_rpn_bbox": 0.296509505957365, "loss_cls": 0.14199055824428797, "acc": 92.92035675048828, "loss_bbox": 0.6528639429807663, "time": 0.21852328300476073, "epoch": 1, "iter": 60, "memory": 1882, "step": 60}
{"lr": 0.00034784569138276544, "data_time": 0.020036606788635253, "loss": 1.5312144148349762, "loss_rpn_cls": 0.3916656732559204, "loss_rpn_bbox": 0.26665269896388055, "loss_cls": 0.1332558135315776, "acc": 84.07080078125, "loss_bbox": 0.7396402329206466, "time": 0.21889079570770265, "epoch": 1, "iter": 70, "memory": 1882, "step": 70}
{"lr": 0.00039789579158316625, "data_time": 0.01993452548980713, "loss": 1.22467836022377, "loss_rpn_cls": 0.3222659713029861, "loss_rpn_bbox": 0.25175128296017646, "loss_cls": 0.10410323586314917, "acc": 97.34513092041016, "loss_bbox": 0.5465578800439834, "time": 0.21826678276062011, "epoch": 1, "iter": 80, "memory": 1882, "step": 80}
{"lr": 0.0004479458917835671, "data_time": 0.01990222930908203, "loss": 1.131775199174881, "loss_rpn_cls": 0.2650867164134979, "loss_rpn_bbox": 0.24738532319664955, "loss_cls": 0.08618739325553179, "acc": 87.6106185913086, "loss_bbox": 0.5331157720088959, "time": 0.2233293342590332, "epoch": 1, "iter": 90, "memory": 1882, "step": 90}
{"lr": 0.0004979959919839679, "data_time": 0.019506325721740724, "loss": 0.9768914616107941, "loss_rpn_cls": 0.22441913425922394, "loss_rpn_bbox": 0.2295685575902462, "loss_cls": 0.07170121327042579, "acc": 99.11504364013672, "loss_bbox": 0.4512025611102581, "time": 0.23697691440582275, "epoch": 1, "iter": 100, "memory": 1882, "step": 100}
{"lr": 0.0005480460921843689, "data_time": 0.01949890613555908, "loss": 0.9613466095924378, "loss_rpn_cls": 0.19436269819736482, "loss_rpn_bbox": 0.2237035611271858, "loss_cls": 0.06614005543291569, "acc": 84.07080078125, "loss_bbox": 0.4771402961015701, "time": 0.25583616256713865, "epoch": 1, "iter": 110, "memory": 1882, "step": 110}
{"lr": 0.0005980961923847694, "data_time": 0.01952992916107178, "loss": 0.8533226847648621, "loss_rpn_cls": 0.1778549501299858, "loss_rpn_bbox": 0.23202748268842696, "loss_cls": 0.05100921235978603, "acc": 100.0, "loss_bbox": 0.3924310374259949, "time": 0.2714651393890381, "epoch": 1, "iter": 120, "memory": 1882, "step": 120}
