{"lr": 0.0004979959919839679, "data_time": 0.020367469787597656, "loss": 0.6536618673801422, "loss_rpn_cls": 0.35475058883428573, "loss_rpn_bbox": 0.1214753795415163, "loss_cls": 0.165210120677948, "acc": 93.30143737792969, "loss_bbox": 0.012225777716375888, "time": 0.22979231357574462, "epoch": 1, "iter": 100, "memory": 1884, "step": 100}
{"lr": 0.0009984969939879755, "data_time": 0.02188056468963623, "loss": 0.38397694885730743, "loss_rpn_cls": 0.10813567116856575, "loss_rpn_bbox": 0.12664988212287426, "loss_cls": 0.12267885535955429, "acc": 94.7368392944336, "loss_bbox": 0.026512543028220533, "time": 0.2936316728591919, "epoch": 1, "iter": 200, "memory": 1884, "step": 200}
{"lr": 0.0014989979959919811, "data_time": 0.019769673347473146, "loss": 0.24607228130102157, "loss_rpn_cls": 0.03656709600239992, "loss_rpn_bbox": 0.10501088827848434, "loss_cls": 0.06569658394902944, "acc": 98.49246215820312, "loss_bbox": 0.0387977134808898, "time": 0.3090145874023438, "epoch": 1, "iter": 300, "memory": 1883, "step": 300}
{"lr": 0.0019994989979959885, "data_time": 0.01888463497161865, "loss": 0.23361999049782753, "loss_rpn_cls": 0.024202150451019408, "loss_rpn_bbox": 0.10852536335587501, "loss_cls": 0.05387233778834343, "acc": 94.23076629638672, "loss_bbox": 0.047020139992237094, "time": 0.3113619661331177, "epoch": 1, "iter": 400, "memory": 1883, "step": 400}
{"lr": 0.002499999999999994, "data_time": 0.02003558158874512, "loss": 0.21475271001458168, "loss_rpn_cls": 0.0208196587394923, "loss_rpn_bbox": 0.09667763940989971, "loss_cls": 0.04273099156096578, "acc": 96.07843017578125, "loss_bbox": 0.05452442266047001, "time": 0.31588006019592285, "epoch": 1, "iter": 500, "memory": 1884, "step": 500}
{"lr": 0.002499999999999994, "data_time": 0.019491348266601562, "loss": 0.21465780794620515, "loss_rpn_cls": 0.016157834585756065, "loss_rpn_bbox": 0.09755811296403408, "loss_cls": 0.0414564486220479, "acc": 97.0873794555664, "loss_bbox": 0.05948541229590774, "time": 0.30936579704284667, "epoch": 1, "iter": 600, "memory": 1883, "step": 600}
{"lr": 0.002499999999999994, "data_time": 0.019335222244262696, "loss": 0.20922113582491875, "loss_rpn_cls": 0.025200946414843203, "loss_rpn_bbox": 0.09339565970003605, "loss_cls": 0.045619157999753954, "acc": 97.07317352294922, "loss_bbox": 0.04500537190586328, "time": 0.30768564224243167, "epoch": 1, "iter": 700, "memory": 1883, "step": 700}
{"lr": 0.002499999999999994, "data_time": 0.019813780784606935, "loss": 0.19009972095489502, "loss_rpn_cls": 0.01708345899358392, "loss_rpn_bbox": 0.08567044861614705, "loss_cls": 0.03196874096058309, "acc": 97.56097412109375, "loss_bbox": 0.055377071797847746, "time": 0.3174073648452759, "epoch": 1, "iter": 800, "memory": 1884, "step": 800}
{"lr": 0.002499999999999994, "data_time": 0.01943148136138916, "loss": 0.18866623744368552, "loss_rpn_cls": 0.015270143900997936, "loss_rpn_bbox": 0.07130557890981436, "loss_cls": 0.03405593356117606, "acc": 97.47473907470703, "loss_bbox": 0.06803457986563444, "time": 0.311483154296875, "epoch": 1, "iter": 900, "memory": 1884, "step": 900}
{"lr": 0.002499999999999994, "data_time": 0.021044983863830566, "loss": 0.17262905225157738, "loss_rpn_cls": 0.009346355334855616, "loss_rpn_bbox": 0.0669943481683731, "loss_cls": 0.02804892078973353, "acc": 99.02912139892578, "loss_bbox": 0.06823942802846432, "time": 0.3161389589309692, "epoch": 1, "iter": 1000, "memory": 1883, "step": 1000}
{"lr": 0.002499999999999994, "data_time": 0.01962012767791748, "loss": 0.16778549745678903, "loss_rpn_cls": 0.008773800092749298, "loss_rpn_bbox": 0.0690000282973051, "loss_cls": 0.020599773703143, "acc": 97.53694915771484, "loss_bbox": 0.06941189523786306, "time": 0.3177453851699829, "epoch": 2, "iter": 1100, "memory": 1884, "step": 1100}
{"lr": 0.002499999999999994, "data_time": 0.01998378276824951, "loss": 0.16099888250231742, "loss_rpn_cls": 0.006525134714320302, "loss_rpn_bbox": 0.056981791742146015, "loss_cls": 0.02113673571497202, "acc": 98.98477172851562, "loss_bbox": 0.07635522071272134, "time": 0.32150778293609616, "epoch": 2, "iter": 1200, "memory": 1883, "step": 1200}
{"lr": 0.002499999999999994, "data_time": 0.018961319923400877, "loss": 0.16140198320150376, "loss_rpn_cls": 0.008828035625629126, "loss_rpn_bbox": 0.0611135109513998, "loss_cls": 0.028895127596333624, "acc": 97.98995208740234, "loss_bbox": 0.06256530964747072, "time": 0.30802146434783934, "epoch": 2, "iter": 1300, "memory": 1883, "step": 1300}
{"lr": 0.002499999999999994, "data_time": 0.018903656005859373, "loss": 0.16260946154594422, "loss_rpn_cls": 0.006937788380309939, "loss_rpn_bbox": 0.05849697031080723, "loss_cls": 0.02687923942692578, "acc": 98.0952377319336, "loss_bbox": 0.07029546286910772, "time": 0.30658666133880613, "epoch": 2, "iter": 1400, "memory": 1883, "step": 1400}
{"lr": 0.002499999999999994, "data_time": 0.01925715446472168, "loss": 0.15046605572104454, "loss_rpn_cls": 0.00535498836543411, "loss_rpn_bbox": 0.05992097824811935, "loss_cls": 0.02197618584148586, "acc": 99.00990295410156, "loss_bbox": 0.06321390302851797, "time": 0.3068062114715576, "epoch": 2, "iter": 1500, "memory": 1883, "step": 1500}
{"lr": 0.002499999999999994, "data_time": 0.022316970825195313, "loss": 0.16165430396795272, "loss_rpn_cls": 0.007232287498190999, "loss_rpn_bbox": 0.05271181732416153, "loss_cls": 0.023390094423666595, "acc": 96.15384674072266, "loss_bbox": 0.07832010462880135, "time": 0.32198712825775144, "epoch": 2, "iter": 1600, "memory": 1884, "step": 1600}
{"lr": 0.002499999999999994, "data_time": 0.02060182571411133, "loss": 0.15551314502954483, "loss_rpn_cls": 0.007080616776365786, "loss_rpn_bbox": 0.05840101335197687, "loss_cls": 0.01958200817927718, "acc": 99.03845977783203, "loss_bbox": 0.07044950690120459, "time": 0.31825197219848633, "epoch": 2, "iter": 1700, "memory": 1884, "step": 1700}
{"lr": 0.002499999999999994, "data_time": 0.01973623752593994, "loss": 0.15065740317106247, "loss_rpn_cls": 0.007454217730555684, "loss_rpn_bbox": 0.05029201790690422, "loss_cls": 0.024481409760192037, "acc": 98.55072784423828, "loss_bbox": 0.06842975974082947, "time": 0.31155259609222413, "epoch": 2, "iter": 1800, "memory": 1883, "step": 1800}
{"lr": 0.002499999999999994, "data_time": 0.019706830978393555, "loss": 0.14125131621956824, "loss_rpn_cls": 0.004108213644940406, "loss_rpn_bbox": 0.04507575564086437, "loss_cls": 0.01801236817613244, "acc": 99.50495147705078, "loss_bbox": 0.07405497968196868, "time": 0.32154512882232666, "epoch": 2, "iter": 1900, "memory": 1883, "step": 1900}
{"lr": 0.002499999999999994, "data_time": 0.01862513065338135, "loss": 0.15311628296971322, "loss_rpn_cls": 0.005431448998861015, "loss_rpn_bbox": 0.04559161599725485, "loss_cls": 0.024364651874639095, "acc": 98.50746154785156, "loss_bbox": 0.0777285648137331, "time": 0.3089630174636841, "epoch": 2, "iter": 2000, "memory": 1883, "step": 2000}
{"lr": 0.002499999999999994, "data_time": 0.01901512622833252, "loss": 0.14385659307241438, "loss_rpn_cls": 0.006076433483976871, "loss_rpn_bbox": 0.04808683190494776, "loss_cls": 0.017669181376695632, "acc": 99.50495147705078, "loss_bbox": 0.07202414643019438, "time": 0.30695021629333497, "epoch": 3, "iter": 2100, "memory": 1884, "step": 2100}
{"lr": 0.002499999999999994, "data_time": 0.01994898796081543, "loss": 0.1378200699388981, "loss_rpn_cls": 0.004000838859938085, "loss_rpn_bbox": 0.04875206857919693, "loss_cls": 0.018039157250896096, "acc": 99.50739288330078, "loss_bbox": 0.06702800519764424, "time": 0.32480048179626464, "epoch": 3, "iter": 2200, "memory": 1883, "step": 2200}
{"lr": 0.002499999999999994, "data_time": 0.02028885841369629, "loss": 0.1380964770913124, "loss_rpn_cls": 0.00511403298121877, "loss_rpn_bbox": 0.049644130058586595, "loss_cls": 0.019203019235283135, "acc": 99.00497436523438, "loss_bbox": 0.06413529407233, "time": 0.32200110912323, "epoch": 3, "iter": 2300, "memory": 1883, "step": 2300}
{"lr": 0.002499999999999994, "data_time": 0.020269184112548827,