{"lr": 4.754509018036072e-05, "data_time": 0.05276575088500977, "loss": 1.4528267860412598, "loss_rpn_cls": 0.8370289504528046, "loss_rpn_bbox": 0.21180375367403032, "loss_cls": 0.3974687397480011, "acc": 87.32394409179688, "loss_bbox": 0.0065253480104729535, "time": 0.3480553388595581, "epoch": 1, "iter": 10, "memory": 1882, "step": 10}
{"lr": 9.759519038076152e-05, "data_time": 0.03574622869491577, "loss": 1.3351960718631743, "loss_rpn_cls": 0.8159477442502976, "loss_rpn_bbox": 0.19353414811193942, "loss_cls": 0.31977745369076727, "acc": 93.89671325683594, "loss_bbox": 0.005936725169885903, "time": 0.27685645818710325, "epoch": 1, "iter": 20, "memory": 1882, "step": 20}
{"lr": 0.00014764529058116228, "data_time": 0.031059908866882324, "loss": 1.2072316765785218, "loss_rpn_cls": 0.7659944474697113, "loss_rpn_bbox": 0.16757083758711816, "loss_cls": 0.26832016160090766, "acc": 93.89671325683594, "loss_bbox": 0.005346225497002403, "time": 0.2621657292048136, "epoch": 1, "iter": 30, "memory": 1882, "step": 30}
{"lr": 0.00019769539078156313, "data_time": 0.028460758924484252, "loss": 1.129614706337452, "loss_rpn_cls": 0.7208880104124546, "loss_rpn_bbox": 0.1585204703733325, "loss_cls": 0.24490556344389916, "acc": 93.89671325683594, "loss_bbox": 0.005300656682811678, "time": 0.2522220969200134, "epoch": 1, "iter": 40, "memory": 1882, "step": 40}
{"lr": 0.0002477454909819639, "data_time": 0.027121214866638182, "loss": 1.0685599851608276, "loss_rpn_cls": 0.6815826189517975, "loss_rpn_bbox": 0.1532742650806904, "loss_cls": 0.22864695876836777, "acc": 93.89671325683594, "loss_bbox": 0.005056137889623642, "time": 0.24903220653533936, "epoch": 1, "iter": 50, "memory": 1882, "step": 50}
{"lr": 0.0002977955911823647, "data_time": 0.020449881553649903, "loss": 0.9309972095489502, "loss_rpn_cls": 0.6058235007524491, "loss_rpn_bbox": 0.136951172798872, "loss_cls": 0.18339046239852905, "acc": 93.867919921875, "loss_bbox": 0.004832066758535802, "time": 0.22629665374755858, "epoch": 1, "iter": 60, "memory": 1882, "step": 60}
{"lr": 0.00034784569138276544, "data_time": 0.02098365783691406, "loss": 0.8163425040245056, "loss_rpn_cls": 0.5212589925527573, "loss_rpn_bbox": 0.12220522217452526, "loss_cls": 0.16756039291620253, "acc": 93.83885955810547, "loss_bbox": 0.00531789465341717, "time": 0.23280482292175292, "epoch": 1, "iter": 70, "memory": 1882, "step": 70}
{"lr": 0.00039789579158316625, "data_time": 0.02050392150878906, "loss": 0.7484740847349167, "loss_rpn_cls": 0.4560188898444176, "loss_rpn_bbox": 0.11974883981049061, "loss_cls": 0.16637153387069703, "acc": 93.83885955810547, "loss_bbox": 0.0063348207622766495, "time": 0.2321482229232788, "epoch": 1, "iter": 80, "memory": 1882, "step": 80}
{"lr": 0.0004479458917835671, "data_time": 0.02060169219970703, "loss": 0.6823106127977371, "loss_rpn_cls": 0.39546007961034774, "loss_rpn_bbox": 0.11419199503958226, "loss_cls": 0.16402223616838454, "acc": 93.33333587646484, "loss_bbox": 0.008636300498619676, "time": 0.23179574966430663, "epoch": 1, "iter": 90, "memory": 1810, "step": 90}
{"lr": 0.0004979959919839679, "data_time": 0.02010666370391846, "loss": 0.6199453061819077, "loss_rpn_cls": 0.3275850754976273, "loss_rpn_bbox": 0.11096559569239617, "loss_cls": 0.16807726204395293, "acc": 92.85713958740234, "loss_bbox": 0.013317370684817434, "time": 0.22787429809570312, "epoch": 1, "iter": 100, "memory": 1810, "step": 100}
