{"lr": 4.754509018036072e-05, "data_time": 0.06425457000732422, "loss": 1.4723483204841614, "loss_rpn_cls": 0.6582560122013092, "loss_rpn_bbox": 0.37261571139097216, "loss_cls": 0.40789892375469206, "acc": 34.513275146484375, "loss_bbox": 0.03357768175192177, "time": 0.3983489751815796, "epoch": 1, "iter": 10, "memory": 1885, "step": 10}
{"lr": 9.759519038076152e-05, "data_time": 0.043021869659423825, "loss": 1.4422204077243805, "loss_rpn_cls": 0.6410259246826172, "loss_rpn_bbox": 0.3474710315465927, "loss_cls": 0.33416894152760507, "acc": 84.95574951171875, "loss_bbox": 0.1195545268477872, "time": 0.306140661239624, "epoch": 1, "iter": 20, "memory": 1885, "step": 20}
{"lr": 0.00014764529058116228, "data_time": 0.03603057066599528, "loss": 1.4765963633855184, "loss_rpn_cls": 0.6027299076318741, "loss_rpn_bbox": 0.3212299843629201, "loss_cls": 0.2914734482765198, "acc": 88.49557495117188, "loss_bbox": 0.2611630329396576, "time": 0.2783977429072062, "epoch": 1, "iter": 30, "memory": 1885, "step": 30}
{"lr": 0.00019769539078156313, "data_time": 0.032375681400299075, "loss": 1.471974214911461, "loss_rpn_cls": 0.5594676762819291, "loss_rpn_bbox": 0.3096093341708183, "loss_cls": 0.26869934536516665, "acc": 88.49557495117188, "loss_bbox": 0.3341978670214303, "time": 0.26384023427963255, "epoch": 1, "iter": 40, "memory": 1885, "step": 40}
{"lr": 0.0002477454909819639, "data_time": 0.030170025825500487, "loss": 1.431200646162033, "loss_rpn_cls": 0.5115698128938675, "loss_rpn_bbox": 0.2875009018182755, "loss_cls": 0.2509507521986961, "acc": 85.84070587158203, "loss_bbox": 0.3811791855935007, "time": 0.25465614318847657, "epoch": 1, "iter": 50, "memory": 1885, "step": 50}
{"lr": 0.0002977955911823647, "data_time": 0.02138099193572998, "loss": 1.767001529932022, "loss_rpn_cls": 0.4231513112783432, "loss_rpn_bbox": 0.26635543912649157, "loss_cls": 0.22417809039354325, "acc": 84.07080078125, "loss_bbox": 0.8533166836202145, "time": 0.21680907726287843, "epoch": 1, "iter": 60, "memory": 1819, "step": 60}
{"lr": 0.00034784569138276544, "data_time": 0.021029324531555177, "loss": 1.9366303706169128, "loss_rpn_cls": 0.33485610246658326, "loss_rpn_bbox": 0.25857801258563995, "loss_cls": 0.21269295871257782, "acc": 87.6106185913086, "loss_bbox": 1.1305032889917492, "time": 0.217940993309021, "epoch": 1, "iter": 70, "memory": 1885, "step": 70}
